名称,区域
古希腊哲学,西方
教父哲学,西方
经院哲学,西方
理性主义,西方
经验主义,西方
启蒙运动,西方
实在论,西方
唯心主义,西方
自由主义,西方
浪漫主义,西方
女性主义,西方
德国古典哲学,西方
生命哲学,西方
马克思主义,西方
存在主义,西方
精神分析学,西方
结构主义,西方
现象学,西方
分析哲学,西方
法兰克福学派,西方
荒诞哲学,西方
后结构主义,西方
功利主义,西方
超验主义,西方
实证主义,西方
社会学,西方
实用主义,西方
过程哲学,西方
哲学人类学,西方
科学哲学,西方
西方马克思主义,西方
政治哲学,西方
伦理学,西方
基督教哲学,西方
哲学诠释学,西方
后现代主义,西方
斯多葛学派,西方
怀疑论,西方
唯名论,西方
批判理论,西方
社群主义,西方
技术哲学,西方
宗教哲学,西方
儒家,东方
道家,东方
墨家,东方
法家,东方
名家,东方
阴阳家,东方
兵家,东方
两汉经学,东方
魏晋玄学,东方
隋唐佛学,东方
宋明理学,东方
明清实学,东方
乾嘉朴学,东方
天演论,东方
维新派,东方
三民主义,东方
毛泽东思想,东方
中国马克思主义哲学,东方
现代新儒家,东方
中国实证哲学,东方
马克思主义哲学的中国化与体系化,东方
习近平新时代中国特色社会主义思想,东方
印度哲学,世界
日本哲学,世界
伊斯兰哲学,世界
非洲哲学,世界
犹太哲学,世界
波斯哲学,世界
拉丁美洲哲学,世界
东南亚哲学,世界
阿拉伯哲学,世界
韩国哲学,世界
西藏哲学,世界
北欧哲学,世界
玛雅哲学,世界
阿兹特克哲学,世界
澳洲原住民哲学,世界
蒙古中亚哲学,世界
东欧斯拉夫哲学,世界
北美哲学,世界
美索不达米亚哲学,世界
新民主主义,东方
旧民主主义,东方
